symbol,date,drop,ratio
AAA,2006-09-06,-0.3425,1.5208
AAA,2006-10-04,-0.3333,1.5
AAA,2007-08-03,-0.35,1.5385
AAA,2007-08-10,-0.3902,1.64
AAA,2007-10-25,-0.3971,1.6585
AAA,2009-11-19,-0.3729,1.5946
AAA,2010-03-17,-0.3673,1.5806
AAA,2010-08-11,-0.49,1.9608
AAA,2010-12-22,-0.5,2.0
AAA,2011-01-12,-0.3333,1.5
AAA,2011-02-17,-0.4933,1.9737
AAA,2011-10-06,-0.4818,1.9298
AB,2006-12-18,-0.375,1.6
AB,2007-08-13,-0.3763,1.6034
AB,2008-03-17,-0.3929,1.6471
AB,2008-07-03,-0.4,1.6667
AB,2009-05-28,-0.3905,1.6406
ABA,1998-01-07,-0.3673,1.5806
ABA,1998-01-15,-0.375,1.6
ABA,1998-07-07,-0.3846,1.625
ABA,1998-07-15,-0.3953,1.6538
ABA,2006-10-16,-0.9888,88.8933
ABA,2009-02-10,-0.3334,1.5002
AC,1986-01-08,-0.4213,1.728
ACEX,2015-08-17,-0.5,2.0
ACEX,2015-08-18,-0.3541,1.5483
ACR,1998-09-23,-0.3333,1.5
ACR,2000-12-06,-0.3396,1.5143
ACR,2001-02-01,-0.3864,1.6296
ACR,2002-07-24,-0.3846,1.625
ACR,2004-06-30,-0.4,1.6667
AGI,2006-05-05,-0.4348,1.7692
AGI,2007-02-12,-0.4646,1.8679
ALHI,2009-02-06,-0.35,1.5384
ALHI,2017-12-20,-0.4755,1.9065
ALLHC,1993-10-29,-0.3548,1.55
ALLHC,2002-12-13,-0.86,7.1429
ALLHC,2003-09-10,-0.9,10.0
ALLHC,2003-10-02,-0.8966,9.6667
ANI,2020-02-06,-0.376,1.6027
ANS,2006-05-02,-0.3436,1.5235
APC,1994-08-26,-0.3462,1.5294
APC,2002-09-05,-0.4,1.6667
APC,2004-04-21,-0.3333,1.5
APO,2002-12-20,-0.36,1.5625
APO,2005-04-26,-0.3571,1.5556
APX,1990-11-26,-0.4118,1.7
APX,1990-12-10,-0.3333,1.5
APX,1998-07-28,-0.4211,1.7273
APX,1998-08-05,-0.3636,1.5714
APX,1998-12-17,-0.4091,1.6923
APX,1999-06-09,-0.3333,1.5
APX,2002-01-09,-0.3974,1.6596
APX,2002-04-29,-0.3636,1.5714
APX,2002-07-02,-0.4,1.6667
APX,2002-11-14,-0.3333,1.5
APX,2002-12-10,-0.9733,37.5
APX,2002-12-20,-0.381,1.6154
APX,2004-02-19,-0.3333,1.5
APX,2004-07-02,-0.35,1.5385
APX,2013-06-21,-0.4722,1.8947
APX,2013-10-29,-0.3667,1.5789
AR,2001-10-03,-0.4118,1.7
AR,2003-03-17,-0.8,5.0
ARA,1992-01-16,-0.6252,2.668
ARA,1993-04-05,-0.3825,1.6195
ARA,1993-07-20,-0.99,99.8764
ARA,1994-09-28,-0.3333,1.5
ARA,1994-11-18,-0.6,2.5
ARA,1994-12-14,-0.9875,80.0
ARA,1998-01-08,-0.3947,1.6522
ARA,1998-06-17,-0.4,1.6667
ARA,1998-09-22,-0.4,1.6667
ARA,2004-04-12,-0.375,1.6
ARA,2005-03-07,-0.3922,1.6452
ARA,2008-10-07,-0.3421,1.52
AT,1997-09-17,-0.9999,7991.9512
AT,1997-12-08,-0.4,1.6667
AT,2000-07-31,-0.3923,1.6456
AT,2001-05-15,-0.4444,1.8
AT,2002-06-11,-0.34,1.5152
ATN,1987-11-19,-0.3333,1.5
ATN,1994-04-27,-0.4,1.6667
ATN,2005-12-06,-0.3333,1.5
ATNB,2007-10-22,-0.3969,1.6582
ATNB,2020-03-19,-0.4923,1.9697
BC,1997-06-25,-0.3954,1.6539
BC,1997-08-08,-0.3334,1.5
BC,1997-09-17,-0.3334,1.5
BC,1997-10-02,-0.4,1.6666
BC,1998-08-21,-0.3333,1.4999
BC,1999-08-05,-0.3978,1.6605
BC,1999-11-05,-0.375,1.6
BC,2000-06-28,-0.4,1.6667
BC,2000-07-06,-0.3333,1.5
BC,2002-05-08,-0.4001,1.667
BC,2002-11-05,-0.4,1.6667
BC,2004-08-31,-0.3848,1.6254
BC,2005-04-20,-0.407,1.6863
BC,2015-12-14,-0.3636,1.5714
BCB,2008-07-01,-0.4,1.6667
BCB,2008-08-19,-0.337,1.5082
BCB,2008-11-19,-0.35,1.5384
BCB,2009-03-26,-0.3333,1.5
BCB,2009-05-12,-0.4,1.6667
BCB,2009-11-05,-0.3867,1.6304
BCB,2016-01-29,-0.3469,1.5312
BCOR,2018-08-20,-0.3519,1.5429
BH,2011-09-22,-0.3333,1.5
BH,2011-12-01,-0.5,2.0
BH,2012-08-08,-0.3302,1.4929
BH,2014-09-01,-0.4964,1.9857
BH,2015-06-30,-0.495,1.9802
BHI,2000-02-04,-0.36,1.5625
BHI,2002-04-29,-0.4,1.6667
BHI,2002-06-21,-0.4,1.6667
BHI,2003-04-25,-0.3333,1.5
BHI,2003-05-15,-0.3333,1.5
BHI,2011-10-11,-0.3581,1.5578
BKR,1998-06-03,-0.39,1.6393
BKR,2000-09-26,-0.4,1.6667
BKR,2002-12-09,-0.39,1.6393
BLFI,1999-07-26,-0.3968,1.6579
BLFI,2001-08-30,-0.3999,1.6664
BLFI,2001-11-08,-0.3333,1.5
BLFI,2001-12-27,-0.3498,1.5381
BLOOM,2001-02-15,-0.4,1.6667
BLOOM,2001-02-20,-0.3889,1.6364
BLOOM,2001-06-18,-0.4,1.6667
BLOOM,2002-03-14,-0.3667,1.5789
BLOOM,2004-06-30,-0.375,1.6
BLOOM,2004-07-16,-0.4,1.6667
BLOOM,2007-12-28,-0.3333,1.5
BLOOM,2010-04-12,-0.3708,1.5893
BLOOM,2010-08-19,-0.5,2.0
BLOOM,2011-01-18,-0.3928,1.6468
BLOOM,2011-06-03,-0.3475,1.5327
BLOOM,2011-11-25,-0.4868,1.9487
BMM,2010-04-23,-0.3971,1.6585
BMM,2011-05-23,-0.4793,1.9203
BMM,2011-11-25,-0.3973,1.6593
BMM,2012-12-18,-0.357,1.5552
BPI,1988-09-06,-0.4613,1.8562
BRN,1997-09-18,-0.39,1.6394
BRN,1998-10-19,-0.3998,1.6662
BRN,2001-07-11,-0.4,1.6667
BRN,2002-02-01,-0.3398,1.5148
BRN,2002-07-25,-0.3333,1.5
BRN,2002-11-14,-0.3581,1.5579
BSC,1998-01-23,-0.3889,1.6364
BSC,2001-11-23,-0.75,4.0
BSC,2002-09-18,-0.5263,2.1111
BSC,2002-10-07,-0.4,1.6667
BSC,2002-11-05,-0.3333,1.5
CA,2010-02-15,-0.3889,1.6364
CA,2011-03-10,-0.399,1.6639
CA,2011-05-06,-0.3333,1.5
CA,2011-12-23,-0.3571,1.5556
CA,2014-05-05,-0.389,1.6366
CA,2014-06-23,-0.4684,1.881
CA,2016-04-01,-0.3923,1.6456
CAB,2019-08-16,-0.3388,1.5123
CAT,2006-04-10,-0.39,1.6393
CAT,2006-08-10,-0.3659,1.5769
CAT,2007-02-14,-0.3824,1.619
CAT,2007-02-15,-0.381,1.6154
CAT,2007-06-12,-0.3788,1.6098
CAT,2007-06-15,-0.3537,1.5472
CAT,2007-08-03,-0.3929,1.6471
CAT,2007-09-26,-0.3863,1.6295
CAT,2007-12-11,-0.3971,1.6587
CAT,2008-01-15,-0.3654,1.5758
CAT,2008-03-14,-0.4,1.6667
CAT,2009-07-31,-0.3723,1.5932
CAT,2009-08-20,-0.375,1.6
CAT,2010-05-18,-0.3462,1.5294
CDC,2010-01-27,-0.3965,1.657
CEB,2019-07-09,-0.379,1.6103
CEI,1998-01-16,-0.3429,1.5217
CEI,1999-02-24,-0.3333,1.5
CEU,2007-12-28,-0.3678,1.5818
CEU,2008-01-25,-0.4,1.6667
CHI,1998-01-09,-0.34,1.5152
CHI,2001-08-24,-0.3784,1.6087
CHIB,2006-09-12,-0.3899,1.6391
CHIB,2006-09-14,-0.3855,1.6273
CHIB,2007-06-08,-0.4397,1.7849
CIP,2012-07-23,-0.3548,1.55
CIP,2012-08-14,-0.4083,1.69
CIP,2013-01-10,-0.4113,1.6986
CIP,2013-06-26,-0.3333,1.5
CIP,2013-10-11,-0.411,1.6977
CIP,2014-01-16,-0.4881,1.9535
CIP,2014-06-25,-0.408,1.6893
CIP,2014-07-23,-0.3333,1.5
CIP,2014-08-11,-0.3528,1.5451
CIP,2019-01-04,-0.368,1.5824
COSCO,2000-12-26,-0.3333,1.5
CPG,1997-07-09,-0.3996,1.6656
CPG,1997-09-25,-0.4005,1.6681
CPG,1997-10-15,-0.3777,1.6069
CPG,1997-12-04,-0.3622,1.568
CPG,1998-01-28,-0.383,1.6207
CPG,1998-09-14,-0.3846,1.6251
CPG,1998-09-17,-0.3437,1.5238
CPG,2000-09-08,-0.4,1.6667
CPG,2001-03-21,-0.3704,1.5884
CPG,2001-08-15,-0.3833,1.6215
CPG,2001-12-03,-0.3333,1.5
CPG,2001-12-16,-0.3331,1.4994
CPG,2003-08-04,-0.3613,1.5656
CPG,2004-03-02,-0.3887,1.636
CPG,2007-11-27,-0.3335,1.5003
CPG,2008-06-10,-0.3822,1.6186
CPG,2009-04-20,-0.3949,1.6527
CPV,2009-09-22,-0.3678,1.5818
CPV,2011-12-08,-0.3684,1.5833
CSB,2007-11-20,-0.3978,1.6607
CSB,2013-03-21,-0.3455,1.5278
CSB,2013-05-03,-0.3333,1.5
CYBR,1993-08-25,-0.3333,1.5
CYBR,2002-07-10,-0.4,1.6667
DAVIN,2011-12-27,-0.3846,1.625
DAVIN,2012-01-09,-0.3438,1.5238
DFNN,2001-11-26,-0.3425,1.5208
DFNN,2002-11-15,-0.4,1.6667
DFNN,2003-11-06,-0.3333,1.5
DFNN,2005-06-03,-0.4,1.6667
DFNN,2006-10-26,-0.4,1.6667
DFNN,2006-10-30,-0.3333,1.5
DFNN,2006-11-24,-0.3947,1.6522
DITO,1997-01-23,-0.471,1.8902
DITO,2006-02-13,-0.8397,6.2377
DIZ,2000-05-03,-0.3333,1.5
DIZ,2000-05-16,-0.4,1.6667
DIZ,2000-10-11,-0.4,1.6667
DIZ,2000-10-20,-0.3905,1.6406
DIZ,2002-04-16,-0.3333,1.5
DIZ,2004-01-16,-0.3778,1.6071
DIZ,2004-05-24,-0.359,1.56
DIZ,2004-10-08,-0.5946,2.4667
DNA,2016-05-19,-0.3388,1.5123
DNA,2016-05-20,-0.4479,1.8114
DNA,2016-07-21,-0.3812,1.616
ECP,2007-06-21,-0.3333,1.5
ECP,2007-08-14,-0.3548,1.55
ECP,2009-05-07,-0.3962,1.6562
ECP,2011-11-28,-0.4722,1.8947
ECP,2017-12-20,-0.4994,1.9976
ECP,2018-11-07,-0.419,1.7213
EEI,1989-07-04,-0.3537,1.5473
EG,2010-07-27,-0.4101,1.6953
EG,2010-12-28,-0.6849,3.1732
EG,2012-01-17,-0.9895,94.9782
EG,2015-12-29,-0.4592,1.8491
EIBA,2008-10-27,-0.3889,1.6364
EMP,2012-11-28,-0.3317,1.4963
EURO,2001-07-25,-0.4528,1.8276
EURO,2006-02-22,-0.3544,1.549
EURO,2007-06-26,-0.4,1.6667
EURO,2010-04-28,-0.3765,1.6038
EURO,2011-04-05,-0.3432,1.5225
EURO,2011-09-21,-0.4118,1.7
EURO,2011-12-19,-0.3605,1.5636
EVER,2001-03-23,-0.3333,1.5
EVER,2001-06-29,-0.3333,1.5
EVER,2001-09-18,-0.4,1.6667
EVER,2001-10-25,-0.3333,1.5
EVER,2002-10-21,-0.3684,1.5833
EVER,2005-06-23,-0.3617,1.5667
FAF,1997-10-07,-0.3684,1.5833
FAF,1997-11-13,-0.3939,1.65
FAF,1998-04-14,-0.3404,1.5161
FAF,1998-07-14,-0.3333,1.5
FAF,2000-05-04,-0.4,1.6667
FAF,2002-07-31,-0.3898,1.6389
FAF,2003-05-08,-0.3636,1.5714
FAF,2003-09-25,-0.3818,1.6176
FAF,2004-06-04,-0.3333,1.5
FAF,2015-06-26,-0.3714,1.5909
FB,2007-11-28,-0.3333,1.5
FB,2008-12-22,-0.3963,1.6566
FB,2011-02-11,-0.4867,1.9481
FB,2011-04-29,-0.4565,1.84
FB,2012-01-04,-0.4399,1.7853
FB,2012-11-21,-0.5,2.0
FFI,2002-07-09,-0.375,1.6
FFI,2011-11-25,-0.3317,1.4963
FFI,2014-01-23,-0.4765,1.9101
FGEN,2009-12-22,-0.3651,1.575
FJP,2008-12-16,-0.3625,1.5686
FJP,2009-03-20,-0.377,1.6053
FJP,2009-09-03,-0.4,1.6667
FJP,2010-08-11,-0.3605,1.5636
FJPB,2008-11-19,-0.3333,1.5
FJPB,2009-07-27,-0.39,1.6393
FJPB,2010-03-17,-0.4,1.6667
FJPB,2010-05-21,-0.3704,1.5882
FJPB,2013-09-30,-0.3842,1.6239
FJPB,2014-02-04,-0.3552,1.5508
FJPB,2019-11-07,-0.3404,1.516
FNI,2013-06-13,-0.3667,1.5789
FPI,2009-05-18,-0.3333,1.5
FPI,2011-07-14,-0.3333,1.5
GPH,2006-12-29,-0.3952,1.6533
GPH,2008-12-10,-0.3415,1.5185
GPH,2012-04-13,-0.4044,1.6791
GREEN,2002-01-07,-0.3429,1.5217
GREEN,2008-10-27,-0.3333,1.5
HI,2000-05-17,-0.3333,1.5
HI,2000-07-04,-0.3889,1.6364
HI,2001-09-19,-0.3506,1.54
HI,2004-02-20,-0.4,1.6667
HLCM,2002-01-09,-0.3542,1.5484
HLCM,2002-12-26,-0.3676,1.5814
IMP,1999-01-25,-0.4,1.6667
IMP,1999-07-22,-0.3333,1.5
IMP,2008-09-05,-0.4,1.6667
IMP,2009-06-05,-0.36,1.5625
IMP,2010-08-18,-0.4,1.6667
IMP,2012-09-11,-0.3525,1.5444
IMP,2013-01-15,-0.3421,1.52
ION,2006-05-03,-0.4925,1.9706
ION,2006-08-22,-0.5183,2.0762
ION,2008-10-23,-0.375,1.6
IPM,1999-10-14,-0.3922,1.6452
IPM,2000-01-10,-0.3974,1.6596
IPM,2001-01-16,-0.3878,1.6333
IPM,2001-02-02,-0.3585,1.5588
IPM,2006-09-08,-0.4,1.6667
IPO,1997-12-23,-0.3333,1.5
IPO,1998-01-07,-0.3864,1.6296
IPO,1998-07-01,-0.3429,1.5217
IPO,1998-09-16,-0.4,1.6667
IPO,1998-10-20,-0.3333,1.5
IPO,1999-10-14,-0.3684,1.5833
IPO,2000-11-15,-0.3906,1.641
IPO,2001-12-28,-0.5062,2.025
IRC,2001-03-13,-0.3889,1.6364
IRC,2002-10-08,-0.3636,1.5714
IRC,2005-05-03,-0.36,1.5625
IRC,2008-09-23,-0.3333,1.5
IRC,2009-03-16,-0.3939,1.65
IS,2000-05-08,-0.3333,1.5
IS,2015-02-09,-0.3491,1.5364
JOH,2002-07-01,-0.3934,1.6486
JOH,2004-01-08,-0.4554,1.8364
JOH,2004-10-05,-0.3678,1.5818
JOH,2006-07-17,-0.4897,1.9596
JOH,2006-09-01,-0.37,1.5873
JOH,2007-03-19,-0.3625,1.5686
JOH,2007-11-09,-0.3977,1.6604
JOH,2009-09-15,-0.3304,1.4933
KEP,2015-07-10,-0.346,1.5291
KEP,2015-08-24,-0.3613,1.5656
KEP,2015-09-18,-0.375,1.6
KEP,2016-11-04,-0.6095,2.561
KPH,1996-02-07,-0.4,1.6667
KPH,1996-04-03,-0.3333,1.5
KPH,1996-07-09,-0.3506,1.54
KPH,1996-09-06,-0.3889,1.6364
KPH,1997-09-16,-0.3814,1.6167
KPH,1997-12-24,-0.4,1.6667
KPH,1998-06-03,-0.3571,1.5556
KPH,2005-01-12,-0.3913,1.6429
KPH,2006-04-06,-0.4,1.6667
KPH,2007-02-23,-0.35,1.5385
KPH,2007-06-20,-0.36,1.5625
KPH,2010-06-17,-0.3525,1.5443
KPH,2010-08-26,-0.3418,1.5192
KPH,2015-10-02,-0.393,1.6475
KPH,2016-01-11,-0.3306,1.4938
KPH,2018-11-07,-0.3951,1.6532
KPHB,2016-04-12,-0.3971,1.6585
KPHB,2018-10-23,-0.4505,1.8197
LAND,2007-07-13,-0.3488,1.5356
LAND,2009-02-05,-0.398,1.6612
LBC,2009-07-16,-0.3333,1.5
LBC,2010-09-17,-0.375,1.6
LBC,2011-07-25,-0.3319,1.4967
LBC,2011-08-22,-0.4742,1.9017
LBC,2013-12-10,-0.4286,1.75
LFM,2011-03-10,-0.3396,1.5143
LFM,2011-03-18,-0.4521,1.825
LFM,2011-09-12,-0.3867,1.6304
LFM,2011-09-21,-0.4133,1.7043
LFM,2015-01-27,-0.4714,1.8919
LFM,2017-04-27,-0.4439,1.7983
LFM,2018-07-03,-0.4967,1.9867
LFM,2019-02-11,-0.4248,1.7385
LFM,2019-07-30,-0.414,1.7065
LFM,2019-09-26,-0.4943,1.9773
LFM,2020-02-06,-0.356,1.5527
LMG,2017-03-15,-0.4194,1.7222
LOTO,2012-06-29,-0.3312,1.4952
LR,1989-12-14,-0.3761,1.6029
LR,1993-08-13,-0.375,1.6001
LR,1994-04-05,-0.5001,2.0003
LR,1997-11-27,-0.3847,1.6251
LR,1998-07-15,-0.4001,1.667
LR,1998-09-11,-0.3848,1.6254
LR,1999-06-10,-0.375,1.6
LR,1999-07-30,-0.3528,1.5452
LR,1999-10-12,-0.4,1.6667
LR,2002-09-17,-0.3335,1.5003
LR,2002-11-19,-0.333,1.4993
LSC,1998-06-08,-0.35,1.5385
LSC,1998-12-10,-0.3962,1.6562
LSC,1999-12-21,-0.3556,1.5517
LSC,2000-07-06,-0.375,1.6
LSC,2000-10-27,-0.375,1.6
LSC,2002-06-17,-0.3333,1.5
LSC,2004-01-16,-0.36,1.5625
LSC,2004-03-08,-0.4,1.6667
LSC,2015-07-09,-0.3937,1.6494
LTG,2006-10-25,-0.375,1.6
LTG,2008-03-10,-0.3929,1.6471
LTG,2008-10-27,-0.3714,1.5909
MAB,1996-02-08,-0.3908,1.6415
MAB,2018-05-25,-0.4091,1.6923
MAC,1997-12-09,-0.3333,1.5
MAC,1998-01-08,-0.396,1.6557
MAC,2001-10-08,-0.3996,1.6655
MACAY,2018-05-29,-0.3371,1.5086
MARC,1995-11-15,-0.3889,1.6364
MARC,1997-01-23,-0.34,1.5152
MARC,1998-08-12,-0.3778,1.6071
MARC,1999-10-11,-0.3818,1.6176
MARC,2003-03-04,-0.8667,7.5
MARC,2003-03-11,-0.3333,1.5
MARC,2003-03-27,-0.3333,1.5
MARC,2003-04-30,-0.3333,1.5
MARC,2003-05-09,-0.3333,1.5
MARC,2003-05-27,-0.3333,1.5
MARC,2003-05-30,-0.3333,1.5
MARC,2003-12-09,-0.3333,1.5
MARC,2004-01-09,-0.3333,1.5
MARC,2004-01-15,-0.3333,1.5
MARC,2004-01-19,-0.3333,1.5
MARC,2004-01-26,-0.3333,1.5
MARC,2004-03-08,-0.3333,1.5
MARC,2004-08-03,-0.3333,1.5
MARC,2004-10-25,-0.3333,1.5
MARC,2004-11-11,-0.3333,1.5
MARC,2005-01-05,-0.3333,1.5
MARC,2005-07-04,-0.3333,1.5
MARC,2005-07-19,-0.3333,1.5
MARC,2005-08-01,-0.3333,1.5
MARC,2005-08-18,-0.3333,1.5
MARC,2005-09-13,-0.3333,1.5
MARC,2005-09-15,-0.3333,1.5
MARC,2005-11-11,-0.3333,1.5
MARC,2006-02-01,-0.3333,1.5
MARC,2006-02-20,-0.3333,1.5
MARC,2006-06-02,-0.3333,1.5
MARC,2006-06-07,-0.3333,1.5
MARC,2006-07-25,-0.3333,1.5
MAXS,2001-10-25,-0.3827,1.62
MBC,2015-05-11,-0.4664,1.874
MBC,2018-11-09,-0.3927,1.6465
MBT,2001-05-30,-0.4487,1.8141
MED,2007-11-05,-0.3833,1.6216
MED,2007-11-20,-0.3333,1.5
MED,2008-10-07,-0.3571,1.5556
MED,2009-06-09,-0.3913,1.6429
MER,2002-11-18,-0.3852,1.6265
MFC,2006-05-03,-0.5224,2.0938
MFIN,2007-12-19,-0.3333,1.5
MFIN,2008-07-14,-0.4,1.6667
MFIN,2008-08-11,-0.381,1.6154
MFIN,2009-01-30,-0.4,1.6667
MFIN,2011-01-27,-0.388,1.634
MFIN,2011-02-10,-0.4,1.6667
MFIN,2011-10-10,-0.5,2.0
MFIN,2012-12-28,-0.425,1.7391
MFIN,2013-04-23,-0.375,1.6
MFIN,2014-12-29,-0.434,1.7668
MFIN,2018-10-15,-0.4429,1.7949
MG,1997-03-11,-0.3438,1.5238
MG,1999-09-14,-0.4146,1.7083
MG,1999-09-15,-0.3333,1.5
MG,2000-02-18,-0.3333,1.5
MG,2001-10-01,-0.34,1.5152
MG,2013-03-21,-0.67,3.0303
MHC,1998-01-26,-0.3704,1.5882
MHC,1998-07-28,-0.3721,1.5926
MHC,1998-11-10,-0.3478,1.5333
MHC,1998-12-10,-0.3333,1.5
MHC,1999-03-31,-0.375,1.6
MHC,1999-12-13,-0.3846,1.625
MHC,2000-08-30,-0.6032,2.52
MHC,2001-01-18,-0.3333,1.5
MHC,2001-06-25,-0.4043,1.6786
MHC,2001-08-13,-0.4,1.6667
MHC,2002-07-25,-0.7143,3.5
MHC,2002-09-12,-0.4,1.6667
MHC,2003-09-25,-0.375,1.6
MHC,2003-11-12,-0.5,2.0
MHC,2004-05-19,-0.5,2.0
MHC,2009-06-19,-0.3472,1.5319
MJC,1994-10-07,-0.3488,1.5357
MJC,1998-01-19,-0.3901,1.6396
MJC,2001-05-29,-0.3721,1.5927
MJC,2008-06-27,-0.3492,1.5366
MJIC,2009-12-29,-0.4,1.6667
MJIC,2010-01-29,-0.3769,1.6049
MJIC,2011-11-21,-0.3434,1.5231
MJIC,2012-03-15,-0.436,1.773
MJIC,2013-06-14,-0.4,1.6667
MJIC,2015-07-13,-0.4474,1.8095
MJIC,2015-10-13,-0.3853,1.6269
MRC,1998-01-07,-0.4,1.6667
MRC,1999-06-23,-0.3902,1.64
MRC,2001-06-08,-0.3333,1.5
MRC,2002-06-07,-0.4,1.6667
MRC,2002-12-11,-0.3333,1.5
MRC,2003-05-08,-0.4,1.6667
MRC,2004-10-28,-0.3636,1.5714
MVC,2001-08-13,-0.3333,1.5
MVC,2008-09-10,-0.3333,1.5
MVC,2009-04-24,-0.3333,1.5
MVC,2009-05-19,-0.3784,1.6087
MVC,2009-07-27,-0.3714,1.5909
MVC,2011-03-04,-0.3426,1.5211
MWC,2019-12-17,-0.3576,1.5567
NI,2009-10-06,-0.6409,2.7848
NOW,2006-05-30,-0.3333,1.5
NOW,2008-08-20,-0.4,1.6667
NOW,2008-11-25,-0.39,1.6393
OM,2006-04-03,-0.9917,120.4545
OM,2006-08-01,-0.9906,106.9444
OM,2006-09-01,-0.9907,107.5
OM,2013-11-27,-0.4634,1.8636
OM,2020-03-19,-0.3605,1.5636
OPM,1998-07-28,-0.3529,1.5455
OPM,1998-08-07,-0.3846,1.625
OPM,1998-09-21,-0.3333,1.5
ORE,2008-10-10,-0.35,1.5385
OV,2006-05-02,-0.9875,80.0
OV,2006-08-18,-0.9907,108.0
PA,1998-01-09,-0.4,1.6667
PA,2007-09-04,-0.3824,1.619
PAL,1989-06-26,-0.8989,9.8947
PAL,1990-06-19,-0.4011,1.6698
PAL,1990-07-23,-0.4096,1.6937
PAL,1990-08-23,-0.3994,1.6649
PAL,1994-09-05,-0.531,2.1322
PAL,1999-04-30,-0.3453,1.5273
PAL,2000-12-26,-0.3811,1.6159
PAL,2001-08-23,-0.382,1.6181
PAL,2002-02-18,-0.3919,1.6444
PAL,2003-03-04,-0.3714,1.5909
PAL,2005-04-22,-0.3648,1.5742
PAL,2006-08-24,-0.7436,3.9009
PAL,2008-12-08,-0.3446,1.5258
PBC,1997-07-11,-0.3561,1.553
PBC,1997-11-18,-0.5169,2.0701
PBC,2004-07-22,-0.7294,3.6957
PBC,2005-03-21,-0.34,1.5152
PBC,2006-11-27,-0.4,1.6667
PHA,2000-09-12,-0.3333,1.5
PHA,2001-10-11,-0.3333,1.5
PHES,2009-07-13,-0.3478,1.5333
PHN,1992-10-01,-0.678,3.1053
PHN,2001-01-08,-0.3926,1.6464
PHN,2004-09-10,-0.3737,1.5968
PHN,2005-03-28,-0.3333,1.5
PHR,2020-11-05,-0.3333,1.5
PLC,2002-02-06,-0.92,12.5
PLC,2002-09-05,-0.3556,1.5517
PLC,2003-07-31,-0.9,10.0
PLC,2003-10-27,-0.9045,10.4762
PLC,2004-01-22,-0.8636,7.3333
PLC,2004-01-23,-0.3333,1.5
PLC,2004-09-28,-0.9081,10.8824
PLC,2004-10-28,-0.8939,9.4286
PLC,2004-12-20,-0.895,9.5238
PMPC,2009-01-29,-0.4,1.6667
PNX,2008-07-02,-0.3536,1.5469
PORT,2013-03-27,-0.499,1.996
PORT,2014-03-11,-0.3704,1.5882
PORT,2014-04-29,-0.43,1.7544
PRF2B,2019-01-03,-0.3356,1.5051
PRIM,2008-06-17,-0.3333,1.5
PRIM,2008-09-18,-0.3974,1.6596
PRIM,2008-10-17,-0.3617,1.5667
PRIM,2009-04-16,-0.3939,1.65
PRMX,2006-06-02,-0.6727,3.0556
PRMX,2007-02-13,-0.6958,3.2877
PSE,2004-02-13,-0.3459,1.5289
PTC,2011-07-29,-0.3333,1.5
PTC,2016-09-15,-0.4583,1.8462
PTT,1999-12-10,-0.3333,1.5
PTT,2000-12-13,-0.4528,1.8276
PTT,2003-02-11,-0.4,1.6667
PTT,2004-02-20,-0.3571,1.5556
PX,1986-01-02,-0.3846,1.6251
PX,2000-05-23,-0.3748,1.5995
PX,2006-05-02,-0.3616,1.5663
PX,2006-08-18,-0.4063,1.6844
RCI,2010-01-28,-0.4,1.6667
RCI,2010-06-23,-0.3667,1.5789
RCI,2011-12-13,-0.3854,1.627
RCI,2013-12-10,-0.3613,1.5657
RCI,2014-03-26,-0.4695,1.8848
RCI,2015-04-22,-0.3934,1.6486
RCI,2018-02-19,-0.4978,1.9912
REG,1994-12-12,-0.3548,1.55
REG,2009-09-24,-0.3889,1.6364
RFM,2000-10-05,-0.4211,1.7273
RFM,2000-10-11,-0.875,8.0
RFM,2001-02-15,-0.5,2.0
RFM,2001-02-19,-0.3333,1.5
RFM,2001-02-23,-0.5,2.0
RFM,2001-03-06,-0.75,4.0
RFM,2001-06-08,-0.3333,1.5
RFM,2001-06-18,-0.6667,3.0
RFM,2001-06-22,-0.6316,2.7143
RFM,2006-05-02,-0.4863,1.9467
RFM,2006-08-18,-0.5,2.0
RFM,2007-09-20,-0.45,1.8182
RLT,2000-10-05,-0.3462,1.5294
RLT,2000-11-08,-0.3529,1.5455
RLT,2002-04-23,-0.3333,1.5
RLT,2002-07-22,-0.5062,2.025
RLT,2002-07-23,-0.9,10.0
RLT,2002-10-25,-0.4,1.6667
RLT,2002-10-30,-0.3333,1.5
RLT,2002-11-07,-0.3333,1.5
SEVN,1999-05-20,-0.3334,1.5
SEVN,2002-03-21,-0.4,1.6667
SEVN,2004-08-18,-0.3972,1.6589
SEVN,2005-02-04,-0.3832,1.6212
SEVN,2005-06-15,-0.4,1.6666
SEVN,2006-03-27,-0.4,1.6666
SEVN,2007-02-28,-0.4,1.6667
SEVN,2008-04-16,-0.34,1.5152
SEVN,2008-06-12,-0.33,1.4925
SEVN,2008-08-29,-0.403,1.675
SEVN,2010-12-29,-0.3774,1.6061
SFI,1999-07-01,-0.4,1.6667
SFI,2001-06-27,-0.4,1.6667
SFI,2003-06-10,-0.5385,2.1667
SFI,2004-07-19,-0.4727,1.8966
SFIP,2011-07-28,-0.3624,1.5684
SFIP,2015-01-30,-0.3333,1.5
SFIP,2015-04-24,-0.3698,1.5867
SFIP,2015-08-05,-0.4344,1.768
SFIP,2019-01-02,-0.4419,1.7917
SGI,2003-09-05,-0.3958,1.6552
SGI,2009-02-23,-0.3556,1.5517
SGP,2011-06-06,-0.3327,1.4986
SGP,2011-08-18,-0.3582,1.558
SGP,2014-02-17,-0.359,1.56
SGP,2014-09-09,-0.494,1.9763
SGP,2015-06-30,-0.423,1.7331
SGP,2019-12-10,-0.4711,1.8905
SHNG,2001-04-30,-0.3333,1.5
SHNG,2001-05-25,-0.3636,1.5714
SHNG,2001-09-18,-0.3846,1.625
SHNG,2002-10-07,-0.9,10.0
SHNG,2002-10-24,-0.4,1.6667
SHNG,2003-08-28,-0.905,10.5263
SHNG,2003-11-20,-0.381,1.6154
SLF,2015-08-25,-0.3399,1.515
SLI,1990-03-06,-0.35,1.5385
SLI,1992-05-26,-0.6364,2.75
SLI,1995-02-02,-0.3333,1.5
SLI,1997-07-18,-0.3407,1.5167
SLI,1997-11-06,-0.3333,1.5
SLI,1997-12-17,-0.4,1.6667
SLI,1998-01-09,-0.3917,1.6438
SLI,1999-11-23,-0.6857,3.1818
SLI,2000-09-20,-0.3455,1.5278
SLI,2001-02-14,-0.3889,1.6364
SLI,2001-05-07,-0.3636,1.5714
SLI,2001-05-11,-0.3571,1.5556
SLI,2001-05-25,-0.3333,1.5
SMC2I,2019-04-16,-0.4449,1.8015
SOC,1994-12-01,-0.4,1.6667
SOC,1999-03-08,-0.3571,1.5556
SOC,2000-08-02,-0.3429,1.5217
SOC,2001-03-16,-0.375,1.6
SOC,2002-08-22,-0.3333,1.5
SOC,2010-08-11,-0.3496,1.5375
SPM,1990-03-05,-0.3443,1.525
SPM,1990-04-20,-0.355,1.5503
SPM,1990-06-19,-0.3348,1.5032
SPM,1990-09-07,-0.3509,1.5405
SPM,1998-05-05,-0.3947,1.6522
SPM,1998-08-07,-0.4,1.6667
SPM,1998-12-29,-0.3671,1.58
SPM,1999-02-17,-0.3906,1.641
SPM,2001-04-27,-0.4,1.6667
SPM,2001-05-29,-0.3333,1.5
SPM,2002-03-08,-0.3714,1.5909
SPM,2002-11-05,-0.4,1.6667
SPM,2005-04-25,-0.3654,1.5758
SPM,2005-07-19,-0.375,1.6
STI,2007-04-17,-0.3488,1.5357
STI,2007-08-09,-0.3966,1.6571
STI,2007-12-03,-0.3922,1.6452
STI,2007-12-20,-0.8264,5.7609
STI,2008-03-17,-0.3684,1.5833
STI,2008-11-26,-0.3657,1.5765
STN,2000-04-19,-0.3333,1.5
STN,2002-02-05,-0.4,1.6667
STN,2003-03-05,-0.6667,3.0
STN,2003-10-31,-0.7797,4.5385
STN,2005-04-04,-0.36,1.5625
STN,2006-05-29,-0.3922,1.6452
STR,1997-09-08,-0.375,1.6
STR,1998-08-06,-0.3333,1.5
STR,1998-08-10,-0.3333,1.5
STR,2005-05-05,-0.632,2.7174
STR,2005-07-01,-0.4,1.6667
STR,2005-09-20,-0.3917,1.6438
STR,2015-11-13,-0.4961,1.9846
SUN,1997-11-28,-0.3455,1.5278
SUN,1999-10-14,-0.3958,1.6552
SUN,1999-10-18,-0.3333,1.5
SUN,2000-01-10,-0.3929,1.6471
SUN,2000-02-17,-0.3939,1.65
SUN,2000-10-20,-0.3333,1.5
SUN,2008-11-20,-0.3636,1.5714
TBGI,2006-05-25,-0.3333,1.5
TBGI,2007-07-02,-0.3785,1.6089
TEL,1985-04-24,-0.5476,2.2105
TEL,1993-03-21,-0.4722,1.8947
TEL,1993-04-06,-0.4973,1.9892
TFC,2014-08-08,-0.3993,1.6646
TFC,2016-03-22,-0.4735,1.8992
UNI,2008-11-19,-0.35,1.5385
UPM,1994-11-04,-0.4444,1.8
UPM,1995-01-24,-0.3333,1.5
UPM,2001-12-14,-0.4062,1.6842
UPM,2002-01-21,-0.375,1.6
UPM,2002-04-24,-0.375,1.6
UPM,2002-12-19,-0.4286,1.75
UPM,2006-05-02,-0.9783,46.0526
UPM,2006-08-18,-0.9796,49.1379
UPM,2008-08-14,-0.978,45.5556
VITA,1997-09-23,-0.338,1.5106
VITA,1998-06-22,-0.3793,1.6111
VITA,2002-12-11,-0.3333,1.5
VITA,2003-03-04,-0.3333,1.5
VUL,1998-06-09,-0.3548,1.55
VUL,1998-07-28,-0.5,2.0
VUL,1998-08-31,-0.3529,1.5455
VUL,1998-09-22,-0.4,1.6667
VUL,1999-02-24,-0.35,1.5385
VUL,2002-10-18,-0.3704,1.5882
VUL,2003-10-21,-0.35,1.5385
VUL,2004-06-11,-0.9,10.0
VUL,2018-11-07,-0.4739,1.9008
VVT,2007-12-06,-0.4,1.6667
VVT,2008-09-04,-0.3333,1.5
VVT,2010-12-28,-0.3314,1.4957
VVT,2011-12-13,-0.49,1.9608
WEB,1997-04-10,-0.3673,1.5807
WEB,1997-07-24,-0.3846,1.6251
WEB,1997-09-26,-0.3334,1.5001
WEB,1999-03-05,-0.4,1.6666
WEB,1999-08-06,-0.3929,1.6471
WEB,1999-08-09,-0.3824,1.619
WEB,2006-04-03,-0.988,83.332
WEB,2006-08-01,-0.988,83.3333
WEB,2006-09-01,-0.9884,86.2069
WEB,2016-08-04,-0.3688,1.5844
WEB,2016-08-08,-0.4306,1.7563
WEB,2016-08-19,-0.3568,1.5548
WIN,1998-01-12,-0.3333,1.5
WIN,1998-09-28,-0.3684,1.5833
WIN,2000-07-14,-0.375,1.6
WIN,2000-09-19,-0.3443,1.525
WIN,2001-10-22,-0.3333,1.5
WIN,2002-02-20,-0.3333,1.5
WIN,2002-11-19,-0.4444,1.8
WIN,2003-05-14,-0.3333,1.5
WIN,2003-08-20,-0.4,1.6667
WIN,2003-10-15,-0.3529,1.5455
WIN,2004-01-16,-0.3333,1.5
WIN,2004-08-12,-0.3667,1.5789
WIN,2005-03-04,-0.4167,1.7143
WIN,2007-07-02,-0.3519,1.5429
WPI,2015-08-24,-0.4923,1.9697
ZHI,1994-12-02,-0.5833,2.4
ZHI,1996-04-02,-0.375,1.6
ZHI,1997-11-26,-0.4,1.6667
ZHI,1998-01-09,-0.4,1.6667
ZHI,1998-02-23,-0.3333,1.5
ZHI,1998-04-14,-0.3846,1.625
ZHI,1998-07-20,-0.3878,1.6333
ZHI,1998-08-25,-0.3409,1.5172
ZHI,1999-01-18,-0.4,1.6667
ZHI,1999-05-26,-0.3667,1.5789
ZHI,1999-07-23,-0.3571,1.5556
ZHI,1999-10-25,-0.3846,1.625
ZHI,2001-12-21,-0.4,1.6667
ZHI,2004-01-12,-0.3333,1.5
ZHI,2005-06-02,-0.3333,1.5
