start,dca,ls,ratio,dca_gain,ls_gain
1985-01-31,609.7454706989679,2879.1656506373674,0.2117785305489412,4.081212255824733,22.99304708864473
1985-02-28,608.5381098513149,2961.055645237626,0.205513905431007,4.071150915427624,23.675463710313547
1985-03-31,557.4247738410553,2682.503687910028,0.2078001891864506,3.645206448675461,21.354197399250232
1985-04-30,552.5647953269167,2775.9831951881824,0.1990519237597397,3.6047066277243065,22.133193293234854
1985-05-31,596.3592871666208,2949.2575174233134,0.20220658373964026,3.969660726388507,23.57714597852761
1985-06-30,571.5560824517262,2973.896466307278,0.1921909820759275,3.7629673537643846,23.78247055256065
1985-07-31,573.4241770379375,3070.9564163786226,0.18672494796072,3.7785348086494794,24.591303469821856
1985-08-31,522.8553484374199,2838.0821227753413,0.184228407008224,3.357127903645166,22.650684356461177
1985-09-30,476.6869123207601,2545.345460797799,0.18727788414675545,2.972390936006334,20.211212173314994
1985-10-31,427.2154380413892,2281.237421199442,0.18727355341065965,2.5601286503449097,18.010311843328683
1985-11-30,406.11409854134257,2312.947545281406,0.1755829263702271,2.384284154511188,18.274562877345048
1985-12-31,411.9787058227312,2365.90630623828,0.17413145429151203,2.433155881856093,18.715885885319
1986-01-31,437.46141209042077,2592.309039417374,0.16875357275641062,2.645511767420173,20.602575328478117
1986-02-28,416.3994306059979,2196.341919153028,0.18958770807715286,2.4699952550499824,17.302849326275233
1986-03-31,401.6064701221149,2046.3628213443399,0.19625379523768083,2.3467205843509573,16.05302351120283
1986-04-30,390.4988875404387,2087.768338064976,0.1870412920919991,2.2541573961703225,16.3980694838748
1986-05-31,413.86099858730404,2352.4324478857907,0.1759289619386328,2.4488416548942005,18.60360373238159
1986-06-30,398.29462044745134,1946.1251388557807,0.20466033375511897,2.3191218370620943,15.217709490464838
1986-07-31,354.194243275916,1603.0118993257531,0.22095546728311533,1.9516186939659668,12.358432494381276
1986-08-31,363.5471831739429,1615.973616791076,0.22497098925158057,2.0295598597828577,12.4664468065923
1986-09-30,345.52609383381326,1157.5250209986573,0.29850421162879903,1.8793841152817774,8.646041841655478
1986-10-31,315.0072655846007,946.6412471304254,0.33276308901549473,1.625060546538339,6.888677059420212
1986-11-30,321.2302937697058,930.8524167159294,0.34509261403973607,1.6769191147475482,6.757103472632745
1986-12-31,322.6521697221273,892.9752918354087,0.36132261740294364,1.6887680810177277,6.441460765295073
1987-01-31,341.2754928793805,780.0069193457678,0.43752880187989357,1.8439624406615045,5.500057661214731
1987-02-28,325.3095018060179,766.9818258599688,0.4241423862179116,1.7109125150501492,5.39151521549974
1987-03-31,311.0083506160892,749.6435946345257,0.4148749523668182,1.591736255134077,5.247029955287714
1987-04-30,251.22716053372272,559.1510383047737,0.44930107130872854,1.093559671114356,3.6595919858731145
1987-05-31,262.64191643415927,550.5158202721957,0.4770833221546644,1.1886826369513273,3.5876318356016306
1987-06-30,259.02920488622834,361.2151957657174,0.7171049499651547,1.1585767073852362,2.0101266313809782
1987-07-31,239.37582888583262,272.0943097596676,0.8797531602085533,0.9947985740486052,1.2674525813305637
1987-08-31,183.96839159911184,230.39098396938647,0.7985051690371568,0.5330699299925987,0.9199248664115538
1987-09-30,186.2934808293455,330.152593215306,0.5642647813699161,0.5524456735778791,1.7512716101275503
1987-10-31,163.07506019829685,292.62304927559626,0.5572871330607679,0.35895883498580705,1.438525410629969
1987-11-30,157.53070423647893,306.33979897032054,0.5142351883952928,0.3127558686373244,1.5528316580860047
1987-12-31,164.53887884753283,275.0296894622281,0.5982586068044491,0.3711573237294403,1.2919140788519008
1988-01-31,170.12404744709752,285.80209007970575,0.5952512362651112,0.4177003953924794,1.381684083997548
1988-02-29,196.31014856432643,360.46651928266624,0.5446002279351396,0.6359179047027201,2.003887660688885
1988-03-31,191.91298493694092,359.7818178043767,0.5334149071460006,0.5992748744745076,1.9981818150364727
1988-04-30,185.06739617667708,331.1209539382636,0.5589117631352991,0.542228301472309,1.7593412828188635
1988-05-31,169.0302368912986,303.1999731650163,0.5574876380325537,0.40858530742748855,1.5266664430418024
1988-06-30,146.57230707678056,248.57179917611927,0.5896578274872222,0.22143589230650473,1.0714316598009939
1988-07-31,132.8901387281567,220.83388564736677,0.6017651608972687,0.10741782273463918,0.840282380394723
1988-08-31,97.9297989519344,181.45130509444763,0.5397029186478474,-0.18391834206721336,0.512094209120397
1988-09-30,102.92096595868169,215.3074194119832,0.4780186685612818,-0.14232528367765263,0.7942284950998599
1988-10-31,142.28774248998494,288.16972586046,0.493763673700008,0.18573118741654104,1.4014143821705
1988-11-30,158.56925755484335,323.4353626647325,0.49026567858386433,0.3214104796236945,1.695294688872771
1988-12-31,156.34846949936497,279.8748314382463,0.5586371189431618,0.30290391249470816,1.3322902619853858
1989-01-31,153.86132626003177,278.998390133887,0.551477469766747,0.2821777188335981,1.3249865844490585
1989-02-28,153.38420151063318,270.14554848272456,0.5677835610178188,0.2782016792552764,1.251212904022705
1989-03-31,157.0197529845619,266.8461426450698,0.5884280410731393,0.3084979415380158,1.2237178553755816
1989-04-30,186.9400265647545,290.49979568015164,0.6435117316591186,0.5578335547062876,1.4208316306679305
1989-05-31,184.45896927742749,278.68761757334823,0.6618843380398106,0.5371580773118958,1.3223968131112351
1989-06-30,188.2140377226715,293.8174580930563,0.6405815329838616,0.5684503143555957,1.448478817442136
1989-07-31,175.9374201617723,239.94851671340524,0.7332298718558538,0.46614516801476924,0.9995709726117104
1989-08-31,162.3166128782145,230.88022270960755,0.7030338544084402,0.3526384406517875,0.9240018559133962
1989-09-30,155.6269570949995,218.86896343485466,0.7110508253552412,0.29689130912499584,0.8239080286237888
1989-10-31,150.3581441198809,186.04767048275124,0.8081699906789257,0.2529845343323409,0.5503972540229269
1989-11-30,145.63817735920856,179.70777269209174,0.8104166846958955,0.21365147799340467,0.4975647724340979
1989-12-31,157.1296929371129,232.12454786247568,0.6769197587417848,0.30941410780927425,0.9343712321872972
1990-01-31,145.00147256385642,226.92394254354986,0.6389871026325423,0.20834560469880348,0.891032854529582
1990-02-28,118.93649203487126,193.36733232481913,0.6150805857686515,-0.008862566376072745,0.6113944360401595
1990-03-31,121.18879750708673,183.03395112989503,0.6621110278118938,0.009906645892389543,0.5252829260824585
1990-04-30,114.70617249755543,204.23636202312693,0.561634428665384,-0.04411522918703814,0.7019696835260578
1990-05-31,105.4465060462205,216.3300796713374,0.4874333990281039,-0.12127911628149579,0.8027506639278115
1990-06-30,108.5490201576883,207.85948440508278,0.5222230800214279,-0.0954248320192641,0.7321623700423565
1990-07-31,99.60341051729036,181.14860988013078,0.5498436371286519,-0.1699715790225803,0.5095717490010898
1990-08-31,107.50596138714488,245.18922243992165,0.43846120281035966,-0.10411698844045936,1.0432435203326804
1990-09-30,99.32584448154392,314.0261468118196,0.31629800731550234,-0.1722846293204673,1.6168845567651635
1990-10-31,87.7180634801402,252.66229581044516,0.34717512242487075,-0.26901613766549837,1.1055191317537099
1990-11-30,94.4766521166625,270.8296383938642,0.3488416285490375,-0.2126945656944791,1.2569136532822016
1990-12-31,99.16679623763861,274.3424882629108,0.3614707910012248,-0.17361003135301156,1.2861874021909236
1991-01-31,110.48485142549364,266.83606149941176,0.41405517232061684,-0.07929290478755291,1.2236338458284313
1991-02-28,104.49740495383168,196.38019647416664,0.5321178348427718,-0.1291882920514027,0.6365016372847221
1991-03-31,93.10261834721847,157.63027562712915,0.5906391901987826,-0.22414484710651272,0.3135856302260762
1991-04-30,88.45213101043817,155.99811886187624,0.5670076771166414,-0.26289890824634865,0.29998432384896856
1991-05-31,89.64835442954742,142.96167259434725,0.6270796417157486,-0.2529303797537714,0.19134727161956033
1991-06-30,89.9503479531863,159.27083365311634,0.5647634654132188,-0.25041376705678087,0.32725694710930275
1991-07-31,86.62151711469927,160.31493579118126,0.5403209419459732,-0.2781540240441728,0.33595779825984384
1991-08-31,80.1131833861384,148.7934964133458,0.5384185822449211,-0.3323901384488467,0.2399458034445483
1991-09-30,71.10907606065716,144.27259716157207,0.4928799887134597,-0.4074243661611904,0.20227164301310063
1991-10-31,62.5159491454752,115.91763786208915,0.5393135186195942,-0.47903375712104,-0.03401968448259041
1991-11-30,71.05494975491263,124.08731124549668,0.5726205930462638,-0.4078754187090614,0.034060927045805656
1991-12-31,73.51071272258429,121.32975047531407,0.6058754133640197,-0.3874107273117976,0.01108125396095061
1992-01-31,85.69452692427635,129.74088654617546,0.6605051746257122,-0.28587894229769717,0.0811740545514621
1992-02-29,88.39381291602113,142.1414736539745,0.6218720732500969,-0.26338489236649054,0.1845122804497874
1992-03-31,88.04326341475773,153.6566818724433,0.5729868844092706,-0.2663061382103522,0.28047234893702755
1992-04-30,84.16283927294468,129.98521746218785,0.6474800820903138,-0.29864300605879435,0.08321014551823214
1992-05-31,82.1348000895674,112.43639856761845,0.730500097263184,-0.31554333258693823,-0.06303001193651292
1992-06-30,72.27836471891563,88.9264390943342,0.8127882489733104,-0.3976802940090365,-0.25894634088054835
1992-07-31,70.45747024413497,89.62399002334111,0.7861452076144508,-0.4128544146322086,-0.2531334164721575
1992-08-31,69.45621304704912,95.89340182761174,0.724306487446457,-0.421198224607924,-0.20088831810323549
1992-09-30,71.29424603277367,96.20303703703703,0.7410810326635138,-0.4058812830602194,-0.198308024691358
1992-10-31,66.3741606091822,92.14956690171881,0.7202872768786085,-0.4468819949234817,-0.23208694248567652
1992-11-30,66.52008551215285,99.15928086864307,0.6708407415769022,-0.445665954065393,-0.1736726594279745
1992-12-31,64.85608176889252,96.99629273534889,0.6686449547700771,-0.45953265192589565,-0.1916975605387593
1993-01-31,67.48972830160133,94.0521928936797,0.7175774027713993,-0.4375855974866556,-0.21623172588600248
1993-02-28,65.30932983396421,80.26929397052727,0.8136278096322118,-0.45575558471696487,-0.3310892169122728
1993-03-31,66.94721772941516,85.63015469445916,0.7818182504550244,-0.4421065189215404,-0.28641537754617363
1993-04-30,69.07235388219412,79.65934371357515,0.8670966977904332,-0.42439705098171565,-0.3361721357202071
1993-05-31,69.76554414091356,80.85721051348222,0.8628240289006851,-0.41862046549238696,-0.32618991238764816
1993-06-30,79.82245631664853,92.74542704457136,0.8606619092743802,-0.334812864027929,-0.2271214412952387
1993-07-31,81.20006379089679,84.74785509447754,0.9581370962176489,-0.32333280174252677,-0.29376787421268713
1993-08-31,78.3643994587257,80.1427109204342,0.9778106899394255,-0.3469633378439525,-0.3321440756630484
1993-09-30,85.59362367092265,78.64741068822957,1.088320936721349,-0.28671980274231124,-0.3446049109314202
1993-10-31,92.668111800332,70.54576611085639,1.3135885668136669,-0.2277657349972333,-0.41211861574286346
1993-11-30,87.40910401994084,67.40126228727988,1.296846691793143,-0.2715907998338263,-0.4383228142726677
1993-12-31,96.43590161230912,53.995455564458474,1.7860003328833158,-0.19636748656409064,-0.5500378702961795
1994-01-31,101.41603266610754,62.77901853574047,1.615444698428517,-0.15486639444910388,-0.47684151220216275
1994-02-28,100.19300399905711,62.01283894147565,1.615681618666319,-0.16505830000785737,-0.48322634215436955
1994-03-31,96.67873334357556,62.84911937304075,1.5382671119023839,-0.19434388880353703,-0.4762573385579938
1994-04-30,106.06558506885658,65.41362006455198,1.6214602549772985,-0.11612012442619524,-0.45488649946206683
1994-05-31,103.5275151912168,59.66410468626785,1.7351725251823724,-0.13727070673985997,-0.5027991276144346
1994-06-30,108.7105780258589,68.80703386274801,1.5799340841040754,-0.09407851645117593,-0.42660805114376654
1994-07-31,109.50045834571742,67.63782099807007,1.618923506551783,-0.08749618045235485,-0.43635149168274945
1994-08-31,109.59601803932598,60.7229865131412,1.8048522368972755,-0.0866998496722835,-0.49397511239048997
1994-09-30,122.75119575907843,72.47159527941298,1.6937835476894543,0.022926631325653535,-0.39607003933822515
1994-10-31,127.16112188724041,70.92659111884556,1.7928553999467916,0.05967601572700354,-0.4089450740096203
1994-11-30,128.4037583060039,81.40155407093346,1.5774116326343433,0.07003131921669925,-0.3216537160755545
1994-12-31,128.15089649566738,78.28757537349728,1.6369250916800056,0.06792413746389481,-0.34760353855418935
1995-01-31,142.36351490630915,99.84309775560311,1.4258723748214215,0.18636262421924288,-0.1679741853699741
1995-02-28,146.79332198398137,99.14879483185192,1.4805356155153535,0.22327768319984487,-0.17376004306790072
1995-03-31,138.11090655990643,97.76186760388755,1.4127277837971088,0.15092422133255345,-0.18531776996760374
1995-04-30,131.21408944222523,89.98813886424918,1.4581264942057208,0.09345074535187692,-0.2500988427979235
1995-05-31,136.759722382555,83.26543396208176,1.6424549284740892,0.13966435318795822,-0.30612138364931873
1995-06-30,136.69703846403678,83.22088690560105,1.6425808898082845,0.13914198720030657,-0.3064926091199912
1995-07-31,142.41302354270638,82.63849624138038,1.723325447824334,0.1867751961892199,-0.31134586465516345
1995-08-31,138.20128346462621,83.99657021693037,1.645320554252468,0.15167736220521855,-0.3000285815255803
1995-09-30,138.86803661992556,88.37535238391176,1.5713435123479713,0.15723363849937977,-0.2635387301340687
1995-10-31,140.42888671705063,95.31012428019328,1.4733889791625594,0.17024072264208856,-0.20574896433172263
1995-11-30,150.6412421527307,102.87020601722269,1.4643816512578007,0.25534368460608925,-0.14274828318981092
1995-12-31,150.51534570723368,96.67132254012144,1.5569803096959327,0.2542945475602807,-0.19440564549898798
1996-01-31,154.25509507617178,88.94964237337824,1.7341845448761335,0.28545912563476494,-0.258752980221848
1996-02-29,152.89549752136026,88.11616712286938,1.7351582860857127,0.27412914601133553,-0.26569860730942174
1996-03-31,158.42401674372204,90.5754145307248,1.7490840926814835,0.320200139531017,-0.2452048789106267
1996-04-30,164.05497834984234,92.46483379056359,1.7742418563303017,0.3671248195820196,-0.2294597184119701
1996-05-31,166.13230567160448,84.52258866201471,1.9655373587281761,0.3844358805967041,-0.29564509448321075
1996-06-30,157.92148966164305,79.59169908343154,1.98414522469363,0.3160124138470255,-0.33673584097140385
1996-07-31,173.65742394090222,94.45915754462321,1.8384392625867445,0.4471451995075184,-0.2128403537948066
1996-08-31,168.15060954165327,85.89692042437848,1.957586007867289,0.40125507951377726,-0.28419232979684605
1996-09-30,186.24072864648207,96.50515955681466,1.9298525540164322,0.5520060720540172,-0.19579033702654447
1996-10-31,197.50199341803847,109.33238562753037,1.8064363297704042,0.6458499451503206,-0.08889678643724686
1996-11-30,203.42110679068574,107.96466718761057,1.8841451753581584,0.6951758899223812,-0.10029444010324517
1996-12-31,217.68356782377273,112.55077008002465,1.9340922116214547,0.8140297318647727,-0.06207691599979459
1997-01-31,236.48547170857825,113.26005352157284,2.0879865791652166,0.970712264238152,-0.056166220653559695
1997-02-28,223.9920100172329,110.7019988356941,2.0233781898526138,0.8666000834769407,-0.07748334303588256
1997-03-31,234.00817453643558,118.92470424886287,1.9677002857770245,0.950068121136963,-0.008960797926142794
1997-04-30,238.92157650064985,147.7736611914515,1.6168075865096798,0.9910131375054154,0.23144717659542935
1997-05-31,253.5700535910675,147.97571297584938,1.713592376016812,1.1130837799255624,0.23313094146541147
1997-06-30,267.2274709755174,156.104423870056,1.711850723705064,1.226895591462645,0.3008701989171334
1997-07-31,254.97801941461591,160.10724323907823,1.592545185690775,1.1248168284551325,0.33422702699231865
1997-08-31,244.75616373776015,199.17858212632078,1.2288277239695062,1.0396346978146678,0.6598215177193398
1997-09-30,259.151895100566,207.77937784179846,1.2472455052680067,1.1595991258380498,0.7314948153483205
1997-10-31,271.87535142282877,247.3726408593634,1.099051821083948,1.265627928523573,1.0614386738280284
1997-11-30,257.81279732092474,241.6330222599536,1.0669601154248056,1.1484399776743728,1.013608518832947
1997-12-31,259.88550067643473,231.81200472922004,1.1211045820513368,1.165712505636956,0.9317667060768335
1998-01-31,233.524757136953,200.59642198962018,1.1641521559593755,0.9460396428079418,0.6716368499135015
1998-02-28,223.1533081741368,165.24325267616817,1.350453374404682,0.8596109014511402,0.37702710563473474
1998-03-31,212.43035218650093,159.53388674752225,1.3315688379277841,0.7702529348875078,0.32944905622935194
1998-04-30,195.40538437382588,150.82563142383367,1.2955714657326318,0.6283782031152156,0.25688026186528057
1998-05-31,200.65763519069665,168.18309490168784,1.193090395369356,0.6721469599224721,0.4015257908473986
1998-06-30,174.22784110730595,167.21876627294574,1.041915599490308,0.4518986758942163,0.39348971894121454
1998-07-31,182.107539296236,191.80006755369774,0.9494654596263469,0.5175628274686335,0.5983338962808145
1998-08-31,189.3233285778843,269.75820183686307,0.7018260326793624,0.5776944048157024,1.2479850153071923
1998-09-30,179.78573117643987,244.0763582452129,0.7365962540125126,0.4982144264703323,1.033969652043441
1998-10-31,135.72082527859226,133.0112784551919,1.0203708050540476,0.1310068773216022,0.10842732045993242
1998-11-30,137.03289920547743,119.41644268386523,1.1475211966265717,0.1419408267123119,-0.004862977634456422
1998-12-31,130.1732365562172,113.81617605826958,1.143714725484833,0.08477697130181006,-0.05153186618108685
1999-01-31,126.90100039220165,111.74409238799477,1.135639456908196,0.05750833660168042,-0.06879923010004363
1999-02-28,130.24556334200815,113.99385975929366,1.1425664822388781,0.08537969451673466,-0.05005116867255288
1999-03-31,138.22622133317893,117.1689707278832,1.1797169547063764,0.15188517777649113,-0.02359191060097332
1999-04-30,146.4099026458756,103.41264782019148,1.4157833275910845,0.22008252204896328,-0.13822793483173768
1999-05-31,166.45679363598282,118.13696517784449,1.40901531866336,0.38713994696652354,-0.015525290184629226
1999-06-30,169.86102964801842,117.29008570302697,1.448213023546582,0.4155085804001535,-0.022582619141441884
1999-07-31,194.98937798845014,142.90914623425942,1.3644289615223073,0.6249114832370846,0.19090955195216197
1999-08-31,200.7716525085243,158.74386306392142,1.264752215508826,0.6730971042377025,0.32286552553267844
1999-09-30,194.65245204484552,159.86399662245972,1.2176128218822366,0.6221037670403793,0.3321999718538311
1999-10-31,201.78800247045373,170.91446231674075,1.1806373769382825,0.6815666872537811,0.42428718597283965
1999-11-30,210.80883254883474,184.05314719463277,1.1453693444639028,0.7567402712402895,0.5337762266219397
1999-12-31,210.80452468421447,170.4368009258179,1.236848635618117,0.7567043723684539,0.4203066743818158
2000-01-31,203.5247247906619,177.60733123521152,1.1459252463015004,0.6960393732555159,0.48006109362676264
2000-02-29,209.26801731867937,221.79405744388086,0.9435240047927305,0.7439001443223281,0.8482838120323406
2000-03-31,216.50010220659271,224.94631853102777,0.9624523024889157,0.8041675183882726,0.8745526544252313
2000-04-30,224.37148414213132,246.22425809236083,0.911248493062644,0.8697623678510944,1.0518688174363402
2000-05-31,222.13834579239142,264.79554057453544,0.8389051617350152,0.8511528816032619,1.2066295047877955
2000-06-30,227.67801173511515,263.05990303717755,0.865498729021192,0.897316764459293,1.192165858643146
2000-07-31,230.1251990310094,289.32369419335714,0.7953900895417678,0.9177099919250784,1.4110307849446428
2000-08-31,238.00662625531845,277.5151897731412,0.8576345909205202,0.9833885521276537,1.312626581442843
2000-09-30,272.12206504806676,341.9730881497954,0.795741169342742,1.2676838754005564,1.8497757345816281
2000-10-31,281.3877664286333,396.58164075008733,0.7095330129161339,1.3448980535719444,2.3048470062507276
2000-11-30,258.4834108203531,336.72714150466606,0.7676346185380819,1.1540284235029423,1.806059512538884
2000-12-31,272.7382184562083,336.3329517832051,0.8109173276367254,1.2728184871350692,1.8027745981933756
2001-01-31,250.316901349412,275.2829636158862,0.9093076377174201,1.0859741779117669,1.2940246967990516
2001-02-28,241.65865724073532,279.3163748024469,0.865178983551015,1.0138221436727943,1.3276364566870575
2001-03-31,258.7294478126188,335.44059764933627,0.7713122669877008,1.156078731771823,1.7953383137444687
2001-04-30,273.68147900367995,374.81658021235245,0.7301744198419015,1.2806789916973331,2.1234715017696035
2001-05-31,266.8481978916378,362.16060689301077,0.7368228151066412,1.2237349824303152,2.0180050574417563
2001-06-30,267.7327907013388,364.1139433300434,0.7352994731615043,1.231106589177823,2.034282861083695
2001-07-31,278.8478040357167,395.366695023076,0.7052890583498478,1.3237317002976394,2.294722458525633
2001-08-31,267.0242109505922,411.1460615395484,0.6494631371408794,1.2252017579216017,2.4262171794962364
2001-09-30,243.36841826355382,424.7553534878354,0.5729613912224032,1.0280701521962818,2.539627945731962
2001-10-31,260.94077249313096,521.9834530830019,0.49990238378617363,1.174506437442758,3.3498621090250156
2001-11-30,250.29609773955983,446.47539752053666,0.5606044568851005,1.085800814496332,2.720628312671139
2001-12-31,257.03321555567754,447.81823690158217,0.5739677270270844,1.1419434629639795,2.731818640846518
2002-01-31,272.35775710937,411.35090927286876,0.6621056401475026,1.269647975911417,2.427924243940573
2002-02-28,282.33301395551683,416.70878802747785,0.6775307410529094,1.3527751162959736,2.4725732335623154
2002-03-31,291.86170940864474,435.38811329277155,0.670348363903049,1.432180911738706,2.628234277439763
2002-04-30,292.7028339261189,459.4463641361276,0.6370772668458752,1.4391902827176577,2.8287197011343967
2002-05-31,285.5071565253127,463.2283685019011,0.6163421239693375,1.3792263043776058,2.8602364041825092
2002-06-30,291.2589200022782,542.8390806070827,0.5365474417879965,1.4271576666856518,3.523659005059022
2002-07-31,291.09148499402454,565.364738043517,0.5148737892663174,1.4257623749502044,3.711372817029309
2002-08-31,281.34174689646295,563.4637368945765,0.4993076368091132,1.3445145574705246,3.6955311407881375
2002-09-30,285.65326961801117,566.3834457293642,0.5043460782123658,1.3804439134834263,3.7198620477447015
2002-10-31,286.0654657403502,618.9817396354897,0.4621549351501232,1.383878881169585,4.158181163629081
2002-11-30,293.12643980069475,644.4274180210462,0.4548633897372778,1.4427203316724562,4.3702284835087175
2002-12-31,297.5728434178561,682.8977460747635,0.4357502204807071,1.479773695148801,4.690814550623029
2003-01-31,314.54547876946475,706.8477422184123,0.4449975008511406,1.6212123230788729,4.890397851820103
2003-02-28,333.3970845103917,788.9443131272502,0.42258633336091683,1.7783090375865975,5.574535942727085
2003-03-31,333.9658654909471,788.0119611222791,0.42380811709420774,1.783048879091226,5.566766342685659
2003-04-30,339.11589049179696,792.0382619856761,0.42815594494338943,1.8259657540983079,5.600318849880634
2003-05-31,331.1995849999017,782.4868518368291,0.42326536761919453,1.7599965416658474,5.52072376530691
2003-06-30,299.85772547323756,632.6013173699706,0.47400743128372075,1.4988143789436466,4.271677644749755
2003-07-31,303.53080708879895,640.3832182002869,0.4739830752308477,1.5294233924066578,4.336526818335725
2003-08-31,273.7769755508577,609.3657854178718,0.4492818305561994,1.2814747962571476,4.078048211815599
2003-09-30,274.87355127311343,570.9979056897535,0.48139152269056396,1.2906129272759452,3.7583158807479453
2003-10-31,288.3454604440027,563.1701285832823,0.5120041809912185,1.4028788370333558,3.693084404860686
2003-11-30,268.37282729020126,565.3987667881906,0.4746611472372364,1.2364402274183437,3.711656389901589
2003-12-31,251.06089872233565,488.567150023919,0.5138718366759705,1.0921741560194635,3.0713929168659915
2004-01-31,254.3594468883559,479.2178072929789,0.5307804572730505,1.1196620574029659,2.9934817274414907
2004-02-29,267.33224063118746,518.2946788053588,0.5157919839103381,1.2277686719265621,3.3191223233779903
2004-03-31,264.1630273513419,540.0219307744694,0.4891709249150196,1.2013585612611823,3.5001827564539116
2004-04-30,271.9803994194784,516.1218254930836,0.5269693820051853,1.266503328495653,3.3010152124423637
2004-05-31,266.2627998670827,526.2576301476815,0.5059552291761783,1.2188566655590227,3.385480251230679
2004-06-30,270.6510837221383,518.4844334937318,0.5220042613399122,1.255425697684486,3.3207036124477645
2004-07-31,268.1285167921391,518.2988917271407,0.517324117554347,1.2344043066011592,3.319157431059506
2004-08-31,271.98395059155854,533.9883309849795,0.5093443710462077,1.2665329215963212,3.4499027582081627
2004-09-30,277.3736057004348,494.6668271409497,0.5607281315053704,1.3114467141702897,3.1222235595079137
2004-10-31,271.71270346876395,474.61187093121055,0.5724945373482778,1.2642725289063663,2.9550989244267547
2004-11-30,271.6840260119381,476.6589054266614,0.5699757686657536,1.2640335500994841,2.9721575452221787
2004-12-31,266.3582983883321,474.5965220124751,0.561231037384911,1.2196524865694345,2.954971016770626
2005-01-31,280.133543545439,455.5779111797664,0.6148971156656917,1.3344461962119918,2.7964825931647197
2005-02-28,278.80050066962065,444.68087741767994,0.6269675959277845,1.323337505580172,2.7056739784806663
2005-03-31,283.58902201871666,486.0350823626806,0.5834743875692122,1.3632418501559722,3.0502923530223383
2005-04-30,272.5629077903872,497.69892308438875,0.5476461674886366,1.2713575649198936,3.14749102570324
2005-05-31,264.7204248201535,470.0845438223678,0.5631336496785229,1.2060035401679459,2.9173711985197315
2005-06-30,261.2489062465666,470.35030479724355,0.5554347548667681,1.1770742187213883,2.919585873310363
2005-07-31,257.8311978740279,451.6071991001125,0.5709191491805067,1.1485933156168993,2.763393325834271
2005-08-31,239.82211127354478,438.5070066911044,0.5469059960596745,0.9985175939462065,2.6542250557592033
2005-09-30,230.32174786854262,424.72061952044055,0.542290007319642,0.9193478989045218,2.5393384960036713
2005-10-31,235.7183928330413,435.45401636551,0.5413163823828065,0.9643199402753442,2.628783469712583
2005-11-30,226.31746046204276,394.7137346623868,0.5733711309935045,0.8859788371836896,2.2892811221865568
2005-12-31,224.83406640744604,396.83811553214633,0.5665636883340988,0.8736172200620504,2.3069842961012195
2006-01-31,214.05922204440571,372.9611025576283,0.5739451663362943,0.7838268503700476,2.108009187980236
2006-02-28,211.42279905941555,375.96716463805257,0.5623437867584911,0.761856658828463,2.1330597053171045
2006-03-31,227.83605709548578,395.68530512989827,0.5758011585006682,0.8986338091290482,2.2973775427491523
2006-04-30,222.33668303837783,377.26011606981626,0.5893458480440904,0.8528056919864819,2.143834300581802
2006-05-31,227.64234365386392,385.6835234512492,0.5902309272038119,0.897019530448866,2.214029362093743
2006-06-30,237.44494384453537,428.12300749498576,0.5546185084372425,0.9787078653711281,2.5676917291248813
2006-07-31,239.90122224380266,398.5018734879008,0.602007765092945,0.9991768520316888,2.3208489457325068
2006-08-31,232.33426373222179,402.95631101577266,0.5765743267466226,0.9361188644351814,2.357969258464772
2006-09-30,225.31798611492175,357.0474068549034,0.6310590184638598,0.8776498842910145,1.975395057124195
2006-10-31,216.75542569721068,327.10160635037846,0.6626547271217945,0.8062952141434223,1.725846719586487
2006-11-30,196.91802296119616,290.96470998328823,0.6767763106821658,0.6409835246766347,1.4247059165274019
2006-12-31,197.20392031210446,274.41550270574743,0.7186325785812616,0.6433660026008705,1.2867958558812287
2007-01-31,207.0556074430432,267.03544328197404,0.7753862367416313,0.7254633953586933,1.2252953606831172
2007-02-28,205.32714675386785,281.30783554418167,0.7299019821352241,0.7110595562822322,1.3442319628681805
2007-03-31,206.79780592888446,273.0776954066582,0.7572855982284751,0.7233150494073706,1.2756474617221518
2007-04-30,215.33711784081103,280.246062028966,0.7683858830407186,0.7944759820067586,1.3353838502413833
2007-05-31,218.91815178262047,269.861615497299,0.811223750288457,0.8243179315218372,1.2488467958108251
2007-06-30,217.8341085473166,256.0283314716948,0.8508203263879772,0.8152842378943048,1.13356942893079
2007-07-31,221.5296008790683,273.99966020221643,0.8085031956447526,0.8460800073255692,1.2833305016851368
2007-08-31,218.609497603012,282.9506717756865,0.7726063918883997,0.8217458133584332,1.3579222647973874
2007-09-30,223.05915944038279,273.6373572672059,0.815163403374658,0.8588263286698565,1.2803113105600494
2007-10-31,227.03652232099898,266.26174137064146,0.8526817302113253,0.8919710193416581,1.2188478447553455
2007-11-30,222.81214334864063,275.966990367607,0.8073869380241439,0.856767861238672,1.2997249197300587
2007-12-31,229.67823775675114,282.7426329025845,0.8123226249926164,0.9139853146395929,1.3561886075215375
2008-01-31,233.80377080522334,321.0590142253521,0.7282267759070484,0.9483647567101945,1.6754917852112672
2008-02-29,224.47823311361105,323.97373389052365,0.6928902242101705,0.8706519426134254,1.6997811157543636
2008-03-31,209.75218949529238,319.8861985345113,0.6557087816111673,0.7479349124607699,1.6657183211209277
2008-04-30,203.896207430627,340.2255408634176,0.59929718066781,0.6991350619218915,1.83521284052848
2008-05-31,193.73514213761536,317.25037554112555,0.6106695439120173,0.6144595178134613,1.6437531295093795
2008-06-30,184.31258220419596,349.87887595834115,0.5267896831420638,0.5359381850349663,1.915657299652843
2008-07-31,194.5216600498847,356.1849024096853,0.5461255059770757,0.6210138337490392,1.968207520080711
2008-08-31,197.16122370026156,349.6550631340468,0.5638734984503173,0.6430101975021796,1.9137921927837236
2008-09-30,180.85684781175027,338.81750655536746,0.5337883796219832,0.5071403984312524,1.8234792212947286
2008-10-31,175.67139321259063,437.8614709418838,0.40120313128877017,0.46392827677158865,2.648845591182365
2008-11-30,178.53370694115966,447.122740303413,0.3992946250508495,0.4877808911763306,2.7260228358617753
2008-12-31,178.14717467440792,476.96261255306086,0.3735034360886924,0.48455978895339924,2.974688437942174
2009-01-31,187.87339948496984,524.9401136820651,0.3578949190359591,0.5656116623747487,3.3745009473505423
2009-02-28,177.5379628169087,492.42666809456153,0.36053685618589565,0.4794830234742391,3.1035555674546798
2009-03-31,179.30843627996637,477.14129893969454,0.37579735117967433,0.4942369689997197,2.9761774911641212
2009-04-30,177.0369919429768,452.3466304349893,0.3913746229804631,0.47530826619147337,2.769555253624911
2009-05-31,174.6435740481079,399.1030937467302,0.43759012842665723,0.4553631170675658,2.3258591145560854
2009-06-30,172.9566736578558,392.59115199816245,0.4405516343849373,0.44130561381546496,2.2715929333180203
2009-07-31,171.66550879762963,344.00795717445766,0.49901609895195664,0.4305459066469135,1.8667329764538136
2009-08-31,168.4000297636287,331.02455476426576,0.508723680282728,0.40333358136357256,1.7585379563688814
2009-09-30,162.44963838266298,332.3078988367692,0.4888527746445739,0.3537469865221916,1.7692324903064098
2009-10-31,164.76819811983125,328.1521401134605,0.5021091682134442,0.3730683176652605,1.7346011676121709
2009-11-30,158.1633039915841,304.0869394969409,0.5201252781630078,0.31802753326320077,1.5340578291411742
2009-12-31,158.1705070638036,306.30940614804047,0.5163749590744178,0.31808755886503004,1.552578384567004
2010-01-31,144.3012225215361,291.73392851120315,0.49463298032540853,0.2025101876794675,1.4311160709266928
2010-02-28,134.67541755038764,266.82423978973304,0.504734568555378,0.12229514625323024,1.2235353315811088
2010-03-31,104.61430124893818,201.36121341640836,0.5195355126937939,-0.12821415625884858,0.678010111803403
2010-04-30,111.34527865810641,207.30957167129168,0.5370966606146607,-0.0721226778491133,0.7275797639274306
2010-05-31,113.29497912247564,213.4590542574548,0.5307574303492866,-0.0558751739793697,0.7788254521454567
2010-06-30,119.62144273321107,220.21723395133293,0.5431974627364855,-0.0031546438899077156,0.8351436162611077
2010-07-31,113.43957943856712,206.98152254920555,0.5480662140341499,-0.054670171345273966,0.7248460212433796
2010-08-31,111.87012149019526,197.412561803361,0.5666818791482328,-0.06774898758170622,0.645104681694675
2010-09-30,110.84497429385459,171.12675212374424,0.6477360957198613,-0.07629188088454508,0.42605626769786875
2010-10-31,119.07285045051357,177.25167239044777,0.6717727897552436,-0.00772624624572027,0.47709726992039814
2010-11-30,127.35899416332563,205.52166910994765,0.6196864530873023,0.061324951361046987,0.7126805759162305
2010-12-31,133.13733563013886,203.3347478684357,0.6547692267348378,0.10947779691782378,0.6944562322369641
2011-01-31,122.66253474372964,203.8334786871984,0.6017781550594385,0.02218778953108025,0.69861232239332
2011-02-28,125.32214660253291,215.83119033219793,0.5806489155234817,0.04435122168777417,0.7985932527683162
2011-03-31,123.3054258173176,198.52436495410763,0.6211097859238678,0.027545215144313406,0.6543697079508968
